{
    "6": {
        "psnr": 26.907148346304893,
        "lpips": 0.10941392366657965,
        "dists": 0.14379024598747492,
        "msVGG": 70.91920714825392,
        "fsim": 0.8639113665558398,
        "ms_ssim": 0.9265630627050996,
        "vmaf": 61.8046366875,
        "bitrate": 99.5625
    },
    "4": {
        "psnr": 32.38215059041977,
        "lpips": 0.048984669920173474,
        "dists": 0.08446140261366963,
        "msVGG": 41.63879853349499,
        "fsim": 0.9382955441251397,
        "ms_ssim": 0.9805485680699348,
        "vmaf": 76.28064757031251,
        "bitrate": 58.9225
    },
    "2": {
        "psnr": 33.31082834303379,
        "lpips": 0.03721412243612576,
        "dists": 0.09360626665875316,
        "msVGG": 43.32970845167438,
        "fsim": 0.950812226627022,
        "ms_ssim": 0.9825755855999887,
        "vmaf": 81.75440110156251,
        "bitrate": 56.205
    },
    "7": {
        "psnr": 31.39639899134636,
        "lpips": 0.06779604541952722,
        "dists": 0.11217799503356218,
        "msVGG": 47.888543303233746,
        "fsim": 0.9217715500853956,
        "ms_ssim": 0.9662002138793468,
        "vmaf": 70.6972710078125,
        "bitrate": 80.105
    },
    "3": {
        "psnr": 27.900719612836838,
        "lpips": 0.10632998109213077,
        "dists": 0.1307429363951087,
        "msVGG": 64.19921598528163,
        "fsim": 0.9010197995230556,
        "ms_ssim": 0.9497364349663258,
        "vmaf": 58.28459109375,
        "bitrate": 94.65125
    },
    "1": {
        "psnr": 28.159851908683777,
        "lpips": 0.08262456834199838,
        "dists": 0.11135103553533554,
        "msVGG": 59.53590455879748,
        "fsim": 0.9112771828658879,
        "ms_ssim": 0.963785913772881,
        "vmaf": 63.8844263203125,
        "bitrate": 78.61125
    }
}